device_id,total_transactions,chargeback_count,distinct_cards_used,chargeback_rate
563499.0,22,19,22,0.8636363636363636
342890.0,19,15,19,0.7894736842105263
101848.0,17,15,15,0.8823529411764706
438940.0,14,13,10,0.9285714285714286
547440.0,13,12,10,0.9230769230769231
960729.0,6,6,6,1.0
357277.0,6,6,1,1.0
542535.0,7,6,7,0.8571428571428571
174844.0,5,5,2,1.0
597308.0,5,5,1,1.0
308950.0,5,5,4,1.0
223682.0,7,4,7,0.5714285714285714
288714.0,4,4,2,1.0
262327.0,6,4,6,0.6666666666666666
978084.0,6,4,3,0.6666666666666666
698520.0,4,4,2,1.0
570971.0,4,4,2,1.0
122092.0,4,4,1,1.0
766158.0,5,4,3,0.8
60010.0,5,4,2,0.8
707086.0,6,4,4,0.6666666666666666
670695.0,4,4,4,1.0
822562.0,4,4,1,1.0
686249.0,5,4,3,0.8
486.0,4,4,2,1.0
20098.0,3,3,1,1.0
760682.0,3,3,1,1.0
314172.0,3,3,2,1.0
656429.0,3,3,1,1.0
571150.0,3,3,2,1.0
453490.0,3,3,2,1.0
884678.0,3,3,3,1.0
180611.0,3,3,3,1.0
738394.0,3,3,1,1.0
81082.0,3,3,2,1.0
274282.0,8,3,4,0.375
790235.0,3,3,1,1.0
333645.0,4,3,4,0.75
611676.0,3,3,1,1.0
355583.0,3,3,1,1.0
868746.0,3,3,2,1.0
69227.0,2,2,1,1.0
304880.0,2,2,2,1.0
777035.0,3,2,3,0.6666666666666666
313443.0,2,2,1,1.0
111836.0,2,2,1,1.0
881571.0,2,2,1,1.0
835213.0,2,2,2,1.0
46597.0,2,2,2,1.0
278124.0,2,2,2,1.0
770656.0,2,2,1,1.0
705388.0,2,2,1,1.0
834436.0,2,2,2,1.0
306719.0,2,2,1,1.0
374474.0,2,2,1,1.0
307489.0,2,2,1,1.0
457665.0,2,2,2,1.0
707435.0,3,2,3,0.6666666666666666
10312.0,2,2,1,1.0
724452.0,2,2,2,1.0
183034.0,2,2,1,1.0
602462.0,2,2,1,1.0
190238.0,2,2,1,1.0
495100.0,2,2,1,1.0
386429.0,2,2,1,1.0
17372.0,2,2,1,1.0
691601.0,1,1,1,1.0
61321.0,2,1,2,0.5
341045.0,1,1,1,1.0
114015.0,1,1,1,1.0
416939.0,1,1,1,1.0
556236.0,1,1,1,1.0
808150.0,1,1,1,1.0
81906.0,1,1,1,1.0
86170.0,1,1,1,1.0
174041.0,1,1,1,1.0
677521.0,1,1,1,1.0
112327.0,2,1,2,0.5
694359.0,1,1,1,1.0
463922.0,1,1,1,1.0
790490.0,1,1,1,1.0
207247.0,1,1,1,1.0
892328.0,1,1,1,1.0
890266.0,1,1,1,1.0
586347.0,1,1,1,1.0
53477.0,1,1,1,1.0
452560.0,1,1,1,1.0
458322.0,1,1,1,1.0
918124.0,1,1,1,1.0
73501.0,1,1,1,1.0
330437.0,2,1,2,0.5
782901.0,2,1,1,0.5
561984.0,1,1,1,1.0
917759.0,1,1,1,1.0
94234.0,3,1,3,0.3333333333333333
123636.0,1,1,1,1.0
674387.0,1,1,1,1.0
645413.0,3,1,2,0.3333333333333333
264379.0,1,1,1,1.0
500595.0,1,1,1,1.0
660508.0,1,1,1,1.0
362646.0,1,1,1,1.0
977260.0,2,1,2,0.5
530853.0,1,1,1,1.0
162123.0,1,1,1,1.0
497105.0,2,1,2,0.5
866529.0,4,1,3,0.25
653105.0,1,1,1,1.0
287404.0,1,1,1,1.0
873893.0,1,1,1,1.0
367746.0,1,1,1,1.0
752936.0,1,1,1,1.0
990288.0,1,1,1,1.0
282011.0,1,1,1,1.0
857439.0,1,1,1,1.0
508744.0,1,1,1,1.0
6638.0,1,1,1,1.0
512700.0,1,1,1,1.0
972377.0,1,1,1,1.0
427796.0,1,1,1,1.0
129902.0,1,1,1,1.0
129502.0,1,1,1,1.0
708348.0,4,1,4,0.25
708210.0,1,1,1,1.0
248385.0,1,1,1,1.0
769545.0,1,1,1,1.0
133264.0,1,1,1,1.0
548247.0,1,1,1,1.0
304536.0,1,1,1,1.0
671987.0,1,0,1,0.0
672304.0,1,0,1,0.0
670876.0,1,0,1,0.0
651735.0,1,0,1,0.0
672703.0,1,0,1,0.0
652002.0,1,0,1,0.0
652849.0,1,0,1,0.0
650198.0,1,0,1,0.0
650043.0,1,0,1,0.0
648351.0,1,0,1,0.0
673563.0,1,0,1,0.0
651510.0,1,0,1,0.0
663091.0,1,0,1,0.0
647941.0,1,0,1,0.0
646279.0,1,0,1,0.0
676959.0,1,0,1,0.0
645870.0,1,0,1,0.0
676298.0,1,0,1,0.0
676238.0,1,0,1,0.0
675499.0,1,0,1,0.0
646081.0,1,0,1,0.0
646617.0,1,0,1,0.0
673627.0,1,0,1,0.0
674887.0,1,0,1,0.0
646874.0,1,0,1,0.0
647016.0,1,0,1,0.0
674576.0,1,0,1,0.0
665113.0,1,0,1,0.0
665089.0,1,0,1,0.0
647807.0,1,0,1,0.0
670654.0,1,0,1,0.0
666003.0,1,0,1,0.0
661826.0,1,0,1,0.0
657301.0,1,0,1,0.0
659060.0,1,0,1,0.0
666760.0,1,0,1,0.0
663147.0,1,0,1,0.0
660569.0,1,0,1,0.0
668373.0,1,0,1,0.0
661884.0,1,0,1,0.0
664003.0,1,0,1,0.0
668334.0,1,0,1,0.0
662915.0,1,0,1,0.0
668274.0,1,0,1,0.0
667883.0,1,0,1,0.0
663018.0,1,0,1,0.0
667618.0,1,0,1,0.0
663400.0,1,0,1,0.0
655926.0,1,0,1,0.0
667092.0,1,0,1,0.0
670056.0,1,0,1,0.0
670603.0,1,0,1,0.0
664968.0,1,0,1,0.0
664706.0,1,0,1,0.0
653298.0,1,0,1,0.0
670113.0,1,0,1,0.0
654595.0,1,0,1,0.0
669771.0,1,0,1,0.0
668423.0,1,0,1,0.0
664182.0,1,0,1,0.0
677398.0,1,0,1,0.0
669683.0,1,0,1,0.0
668489.0,1,0,1,0.0
654925.0,1,0,1,0.0
655155.0,1,0,1,0.0
665807.0,1,0,1,0.0
2.0,1,0,1,0.0
677518.0,1,0,1,0.0
677996.0,1,0,1,0.0
723554.0,1,0,1,0.0
723355.0,1,0,1,0.0
723309.0,2,0,1,0.0
723045.0,1,0,1,0.0
722052.0,2,0,2,0.0
721012.0,1,0,1,0.0
720668.0,2,0,2,0.0
720594.0,1,0,1,0.0
720426.0,1,0,1,0.0
720242.0,1,0,1,0.0
718934.0,1,0,1,0.0
718110.0,1,0,1,0.0
717628.0,1,0,1,0.0
717037.0,1,0,1,0.0
716895.0,1,0,1,0.0
716108.0,1,0,1,0.0
715437.0,4,0,3,0.0
715212.0,1,0,1,0.0
714772.0,1,0,1,0.0
714132.0,1,0,1,0.0
714050.0,1,0,1,0.0
713292.0,1,0,1,0.0
713079.0,1,0,1,0.0
711461.0,1,0,1,0.0
710257.0,2,0,1,0.0
727228.0,1,0,1,0.0
727361.0,1,0,1,0.0
727482.0,1,0,1,0.0
733023.0,1,0,1,0.0
738169.0,1,0,1,0.0
737369.0,1,0,1,0.0
735990.0,2,0,1,0.0
735564.0,1,0,1,0.0
735259.0,1,0,1,0.0
734804.0,1,0,1,0.0
734626.0,1,0,1,0.0
734519.0,1,0,1,0.0
733420.0,1,0,1,0.0
733274.0,1,0,1,0.0
733243.0,1,0,1,0.0
732713.0,1,0,1,0.0
727762.0,1,0,1,0.0
732163.0,1,0,1,0.0
731859.0,1,0,1,0.0
731521.0,1,0,1,0.0
731171.0,1,0,1,0.0
730313.0,4,0,3,0.0
730311.0,1,0,1,0.0
730197.0,1,0,1,0.0
729813.0,1,0,1,0.0
728856.0,1,0,1,0.0
728855.0,1,0,1,0.0
727924.0,1,0,1,0.0
709761.0,1,0,1,0.0
708931.0,1,0,1,0.0
708900.0,1,0,1,0.0
685432.0,1,0,1,0.0
692940.0,1,0,1,0.0
689622.0,1,0,1,0.0
689172.0,2,0,2,0.0
688693.0,1,0,1,0.0
688557.0,1,0,1,0.0
686897.0,1,0,1,0.0
686529.0,1,0,1,0.0
686358.0,1,0,1,0.0
686267.0,1,0,1,0.0
686252.0,1,0,1,0.0
686241.0,1,0,1,0.0
685259.0,1,0,1,0.0
693422.0,1,0,1,0.0
684545.0,1,0,1,0.0
683572.0,1,0,1,0.0
681070.0,1,0,1,0.0
681004.0,1,0,1,0.0
680952.0,1,0,1,0.0
680929.0,1,0,1,0.0
680743.0,1,0,1,0.0
680634.0,1,0,1,0.0
680238.0,1,0,1,0.0
678906.0,1,0,1,0.0
678753.0,1,0,1,0.0
693021.0,1,0,1,0.0
645708.0,1,0,1,0.0
707585.0,1,0,1,0.0
699676.0,1,0,1,0.0
707355.0,1,0,1,0.0
706958.0,1,0,1,0.0
705529.0,1,0,1,0.0
704203.0,1,0,1,0.0
702700.0,1,0,1,0.0
701687.0,1,0,1,0.0
701235.0,1,0,1,0.0
701116.0,2,0,2,0.0
700397.0,1,0,1,0.0
700150.0,1,0,1,0.0
699725.0,1,0,1,0.0
699425.0,1,0,1,0.0
694882.0,1,0,1,0.0
699313.0,1,0,1,0.0
698863.0,1,0,1,0.0
698810.0,1,0,1,0.0
698640.0,2,0,1,0.0
697708.0,1,0,1,0.0
697650.0,1,0,1,0.0
697450.0,1,0,1,0.0
695963.0,1,0,1,0.0
695224.0,1,0,1,0.0
695208.0,1,0,1,0.0
694949.0,1,0,1,0.0
693858.0,2,0,1,0.0
627530.0,1,0,1,0.0
643866.0,1,0,1,0.0
553014.0,1,0,1,0.0
560626.0,1,0,1,0.0
557610.0,1,0,1,0.0
556616.0,1,0,1,0.0
556226.0,2,0,2,0.0
555998.0,1,0,1,0.0
555340.0,1,0,1,0.0
555337.0,1,0,1,0.0
554864.0,1,0,1,0.0
554173.0,2,0,2,0.0
554059.0,1,0,1,0.0
554015.0,4,0,4,0.0
553176.0,1,0,1,0.0
552986.0,1,0,1,0.0
561139.0,1,0,1,0.0
552839.0,1,0,1,0.0
552750.0,1,0,1,0.0
552339.0,1,0,1,0.0
551504.0,2,0,2,0.0
548214.0,1,0,1,0.0
547465.0,1,0,1,0.0
547000.0,1,0,1,0.0
546303.0,1,0,1,0.0
546039.0,1,0,1,0.0
545489.0,1,0,1,0.0
545183.0,1,0,1,0.0
545073.0,1,0,1,0.0
561023.0,1,0,1,0.0
561404.0,1,0,1,0.0
543813.0,1,0,1,0.0
570818.0,1,0,1,0.0
579629.0,1,0,1,0.0
579012.0,1,0,1,0.0
577111.0,1,0,1,0.0
576184.0,1,0,1,0.0
576136.0,1,0,1,0.0
574897.0,1,0,1,0.0
574659.0,1,0,1,0.0
574152.0,1,0,1,0.0
572190.0,1,0,1,0.0
571604.0,2,0,1,0.0
571395.0,1,0,1,0.0
570895.0,1,0,1,0.0
569982.0,1,0,1,0.0
561723.0,1,0,1,0.0
569806.0,1,0,1,0.0
569560.0,1,0,1,0.0
568889.0,1,0,1,0.0
568264.0,1,0,1,0.0
567030.0,1,0,1,0.0
566004.0,1,0,1,0.0
565557.0,1,0,1,0.0
565452.0,1,0,1,0.0
565235.0,1,0,1,0.0
564884.0,1,0,1,0.0
562906.0,1,0,1,0.0
561771.0,1,0,1,0.0
544516.0,1,0,1,0.0
543236.0,1,0,1,0.0
580095.0,1,0,1,0.0
521096.0,2,0,1,0.0
527270.0,1,0,1,0.0
527167.0,1,0,1,0.0
526028.0,1,0,1,0.0
525120.0,1,0,1,0.0
524907.0,1,0,1,0.0
524180.0,1,0,1,0.0
524138.0,1,0,1,0.0
523421.0,2,0,2,0.0
522772.0,1,0,1,0.0
522625.0,1,0,1,0.0
522205.0,1,0,1,0.0
521153.0,1,0,1,0.0
520587.0,1,0,1,0.0
527931.0,1,0,1,0.0
519993.0,1,0,1,0.0
518693.0,1,0,1,0.0
518496.0,1,0,1,0.0
518311.0,1,0,1,0.0
517454.0,1,0,1,0.0
516497.0,1,0,1,0.0
516243.0,1,0,1,0.0
515695.0,1,0,1,0.0
515514.0,1,0,1,0.0
513783.0,1,0,1,0.0
513477.0,1,0,1,0.0
513229.0,1,0,1,0.0
527361.0,1,0,1,0.0
528119.0,1,0,1,0.0
543116.0,1,0,1,0.0
536001.0,1,0,1,0.0
542783.0,1,0,1,0.0
542093.0,1,0,1,0.0
541152.0,1,0,1,0.0
540490.0,1,0,1,0.0
539455.0,1,0,1,0.0
539297.0,1,0,1,0.0
539017.0,1,0,1,0.0
538426.0,1,0,1,0.0
538340.0,1,0,1,0.0
537591.0,1,0,1,0.0
537294.0,1,0,1,0.0
536658.0,1,0,1,0.0
535507.0,1,0,1,0.0
528130.0,1,0,1,0.0
535131.0,1,0,1,0.0
534981.0,1,0,1,0.0
534341.0,2,0,1,0.0
534143.0,1,0,1,0.0
533898.0,1,0,1,0.0
532585.0,1,0,1,0.0
532178.0,1,0,1,0.0
530487.0,1,0,1,0.0
529196.0,1,0,1,0.0
528681.0,1,0,1,0.0
528594.0,2,0,2,0.0
528188.0,1,0,1,0.0
579963.0,1,0,1,0.0
580213.0,1,0,1,0.0
643219.0,1,0,1,0.0
615784.0,1,0,1,0.0
625286.0,1,0,1,0.0
623841.0,1,0,1,0.0
621286.0,1,0,1,0.0
620494.0,1,0,1,0.0
620419.0,2,0,2,0.0
620148.0,1,0,1,0.0
619902.0,1,0,1,0.0
617942.0,1,0,1,0.0
616771.0,1,0,1,0.0
616746.0,2,0,1,0.0
616163.0,1,0,1,0.0
616063.0,1,0,1,0.0
615697.0,1,0,1,0.0
625590.0,1,0,1,0.0
613441.0,1,0,1,0.0
612903.0,1,0,1,0.0
612717.0,1,0,1,0.0
611853.0,1,0,1,0.0
611488.0,1,0,1,0.0
610266.0,1,0,1,0.0
610170.0,1,0,1,0.0
609139.0,1,0,1,0.0
608963.0,1,0,1,0.0
608902.0,1,0,1,0.0
608588.0,1,0,1,0.0
608277.0,1,0,1,0.0
625475.0,1,0,1,0.0
625813.0,1,0,1,0.0
607981.0,1,0,1,0.0
634755.0,1,0,1,0.0
643209.0,1,0,1,0.0
642225.0,1,0,1,0.0
641580.0,1,0,1,0.0
641562.0,1,0,1,0.0
640893.0,1,0,1,0.0
639245.0,1,0,1,0.0
637987.0,1,0,1,0.0
636561.0,1,0,1,0.0
635992.0,1,0,1,0.0
635529.0,1,0,1,0.0
635450.0,1,0,1,0.0
635203.0,1,0,1,0.0
632744.0,1,0,1,0.0
627460.0,1,0,1,0.0
631799.0,1,0,1,0.0
631777.0,1,0,1,0.0
631401.0,1,0,1,0.0
631318.0,1,0,1,0.0
631273.0,1,0,1,0.0
631192.0,1,0,1,0.0
631187.0,1,0,1,0.0
630453.0,1,0,1,0.0
630184.0,1,0,1,0.0
630110.0,1,0,1,0.0
629558.0,1,0,1,0.0
628572.0,1,0,1,0.0
608071.0,1,0,1,0.0
607165.0,1,0,1,0.0
580298.0,1,0,1,0.0
586381.0,1,0,1,0.0
591538.0,1,0,1,0.0
591230.0,1,0,1,0.0
590538.0,1,0,1,0.0
590486.0,1,0,1,0.0
590451.0,1,0,1,0.0
589777.0,1,0,1,0.0
589318.0,7,0,1,0.0
588770.0,1,0,1,0.0
588252.0,1,0,1,0.0
587909.0,1,0,1,0.0
587235.0,1,0,1,0.0
586995.0,1,0,1,0.0
585241.0,1,0,1,0.0
592417.0,1,0,1,0.0
584998.0,1,0,1,0.0
584851.0,1,0,1,0.0
584639.0,1,0,1,0.0
584257.0,1,0,1,0.0
583932.0,2,0,1,0.0
583469.0,1,0,1,0.0
582727.0,2,0,1,0.0
582701.0,1,0,1,0.0
582634.0,1,0,1,0.0
582606.0,1,0,1,0.0
582431.0,1,0,1,0.0
580751.0,1,0,1,0.0
591870.0,1,0,1,0.0
593448.0,1,0,1,0.0
607115.0,1,0,1,0.0
601936.0,1,0,1,0.0
606882.0,1,0,1,0.0
606696.0,1,0,1,0.0
606525.0,2,0,1,0.0
604955.0,1,0,1,0.0
604874.0,1,0,1,0.0
604462.0,1,0,1,0.0
604136.0,1,0,1,0.0
603965.0,1,0,1,0.0
602453.0,1,0,1,0.0
602403.0,1,0,1,0.0
602261.0,1,0,1,0.0
601975.0,1,0,1,0.0
600763.0,1,0,1,0.0
593862.0,1,0,1,0.0
600489.0,1,0,1,0.0
600270.0,1,0,1,0.0
599124.0,1,0,1,0.0
598225.0,1,0,1,0.0
598119.0,2,0,1,0.0
598034.0,1,0,1,0.0
596730.0,1,0,1,0.0
596275.0,1,0,1,0.0
596055.0,1,0,1,0.0
596043.0,1,0,1,0.0
594586.0,1,0,1,0.0
594277.0,1,0,1,0.0
738174.0,1,0,1,0.0
755804.0,1,0,1,0.0
739317.0,1,0,1,0.0
905685.0,1,0,1,0.0
919916.0,1,0,1,0.0
919735.0,1,0,1,0.0
919082.0,1,0,1,0.0
918979.0,1,0,1,0.0
918683.0,1,0,1,0.0
918552.0,1,0,1,0.0
918398.0,1,0,1,0.0
917833.0,2,0,1,0.0
916588.0,1,0,1,0.0
916036.0,1,0,1,0.0
915854.0,1,0,1,0.0
915825.0,1,0,1,0.0
914808.0,1,0,1,0.0
914760.0,1,0,1,0.0
914195.0,1,0,1,0.0
914062.0,1,0,1,0.0
913849.0,1,0,1,0.0
912297.0,1,0,1,0.0
912283.0,1,0,1,0.0
911170.0,1,0,1,0.0
910562.0,1,0,1,0.0
910247.0,1,0,1,0.0
908302.0,1,0,1,0.0
907670.0,1,0,1,0.0
907628.0,1,0,1,0.0
907237.0,2,0,1,0.0
906816.0,1,0,1,0.0
920007.0,1,0,1,0.0
921997.0,1,0,1,0.0
922800.0,1,0,1,0.0
928696.0,1,0,1,0.0
933175.0,1,0,1,0.0
933140.0,1,0,1,0.0
932955.0,2,0,1,0.0
931955.0,1,0,1,0.0
931238.0,1,0,1,0.0
931131.0,1,0,1,0.0
931056.0,1,0,1,0.0
930877.0,1,0,1,0.0
930738.0,1,0,1,0.0
930388.0,1,0,1,0.0
929439.0,1,0,1,0.0
929066.0,1,0,1,0.0
928671.0,1,0,1,0.0
924171.0,1,0,1,0.0
928512.0,1,0,1,0.0
928099.0,1,0,1,0.0
927827.0,1,0,1,0.0
926786.0,1,0,1,0.0
926783.0,1,0,1,0.0
926519.0,1,0,1,0.0
926262.0,1,0,1,0.0
925657.0,1,0,1,0.0
924915.0,1,0,1,0.0
924826.0,1,0,1,0.0
924206.0,1,0,1,0.0
924199.0,1,0,1,0.0
906268.0,1,0,1,0.0
905472.0,1,0,1,0.0
739824.0,1,0,1,0.0
905236.0,1,0,1,0.0
883179.0,1,0,1,0.0
883059.0,1,0,1,0.0
883039.0,1,0,1,0.0
882766.0,1,0,1,0.0
882531.0,1,0,1,0.0
882337.0,1,0,1,0.0
881429.0,1,0,1,0.0
880573.0,2,0,2,0.0
879621.0,1,0,1,0.0
877657.0,1,0,1,0.0
875857.0,1,0,1,0.0
875177.0,1,0,1,0.0
874924.0,1,0,1,0.0
874844.0,1,0,1,0.0
874741.0,1,0,1,0.0
873006.0,1,0,1,0.0
872687.0,1,0,1,0.0
872500.0,1,0,1,0.0
872384.0,1,0,1,0.0
872346.0,1,0,1,0.0
871721.0,1,0,1,0.0
871682.0,1,0,1,0.0
871607.0,1,0,1,0.0
870223.0,1,0,1,0.0
869698.0,1,0,1,0.0
868462.0,1,0,1,0.0
868423.0,1,0,1,0.0
883579.0,1,0,1,0.0
884220.0,1,0,1,0.0
885218.0,1,0,1,0.0
895800.0,1,0,1,0.0
904140.0,1,0,1,0.0
903293.0,1,0,1,0.0
902556.0,1,0,1,0.0
901629.0,1,0,1,0.0
900028.0,1,0,1,0.0
899260.0,1,0,1,0.0
899134.0,1,0,1,0.0
898814.0,1,0,1,0.0
897950.0,1,0,1,0.0
897629.0,1,0,1,0.0
896735.0,1,0,1,0.0
895946.0,1,0,1,0.0
895716.0,1,0,1,0.0
885893.0,1,0,1,0.0
894628.0,1,0,1,0.0
894382.0,1,0,1,0.0
894379.0,1,0,1,0.0
894070.0,1,0,1,0.0
893854.0,1,0,1,0.0
893612.0,1,0,1,0.0
893541.0,1,0,1,0.0
892789.0,1,0,1,0.0
889989.0,2,0,2,0.0
889468.0,1,0,1,0.0
888484.0,1,0,1,0.0
886591.0,1,0,1,0.0
933429.0,1,0,1,0.0
933619.0,1,0,1,0.0
934308.0,1,0,1,0.0
935070.0,2,0,2,0.0
983459.0,1,0,1,0.0
983300.0,1,0,1,0.0
983219.0,1,0,1,0.0
981958.0,1,0,1,0.0
981937.0,1,0,1,0.0
981350.0,1,0,1,0.0
980755.0,1,0,1,0.0
980492.0,1,0,1,0.0
979958.0,1,0,1,0.0
979182.0,1,0,1,0.0
978560.0,1,0,1,0.0
977203.0,1,0,1,0.0
977137.0,1,0,1,0.0
974574.0,2,0,2,0.0
974405.0,1,0,1,0.0
974384.0,1,0,1,0.0
974268.0,1,0,1,0.0
974053.0,1,0,1,0.0
973638.0,1,0,1,0.0
973136.0,1,0,1,0.0
971931.0,1,0,1,0.0
971778.0,1,0,1,0.0
971463.0,2,0,1,0.0
971354.0,1,0,1,0.0
971113.0,1,0,1,0.0
969639.0,1,0,1,0.0
969344.0,1,0,1,0.0
983648.0,2,0,1,0.0
983757.0,1,0,1,0.0
984002.0,1,0,1,0.0
991968.0,1,0,1,0.0
999683.0,1,0,1,0.0
999043.0,1,0,1,0.0
998702.0,1,0,1,0.0
998628.0,1,0,1,0.0
998627.0,1,0,1,0.0
996886.0,1,0,1,0.0
995948.0,1,0,1,0.0
994391.0,1,0,1,0.0
994374.0,1,0,1,0.0
994298.0,1,0,1,0.0
993481.0,1,0,1,0.0
992323.0,1,0,1,0.0
991797.0,1,0,1,0.0
985028.0,1,0,1,0.0
991770.0,1,0,1,0.0
991631.0,1,0,1,0.0
991276.0,1,0,1,0.0
991182.0,1,0,1,0.0
990983.0,1,0,1,0.0
990094.0,1,0,1,0.0
988211.0,1,0,1,0.0
987440.0,1,0,1,0.0
986632.0,1,0,1,0.0
986472.0,1,0,1,0.0
985140.0,1,0,1,0.0
985065.0,1,0,1,0.0
969226.0,1,0,1,0.0
968887.0,1,0,1,0.0
968580.0,1,0,1,0.0
945926.0,1,0,1,0.0
955191.0,1,0,1,0.0
954824.0,1,0,1,0.0
954127.0,1,0,1,0.0
953100.0,1,0,1,0.0
952936.0,1,0,1,0.0
951799.0,1,0,1,0.0
949864.0,1,0,1,0.0
949067.0,1,0,1,0.0
948645.0,1,0,1,0.0
948123.0,1,0,1,0.0
947511.0,1,0,1,0.0
946289.0,1,0,1,0.0
945304.0,1,0,1,0.0
956910.0,1,0,1,0.0
945217.0,1,0,1,0.0
944850.0,1,0,1,0.0
944054.0,2,0,2,0.0
943669.0,1,0,1,0.0
943627.0,1,0,1,0.0
943032.0,1,0,1,0.0
942212.0,1,0,1,0.0
941601.0,1,0,1,0.0
941250.0,1,0,1,0.0
940224.0,1,0,1,0.0
939656.0,1,0,1,0.0
935685.0,1,0,1,0.0
956728.0,1,0,1,0.0
957684.0,1,0,1,0.0
968225.0,1,0,1,0.0
964379.0,1,0,1,0.0
967947.0,1,0,1,0.0
967812.0,3,0,3,0.0
967509.0,1,0,1,0.0
967207.0,1,0,1,0.0
966800.0,1,0,1,0.0
966525.0,1,0,1,0.0
965627.0,1,0,1,0.0
965557.0,1,0,1,0.0
965552.0,2,0,1,0.0
965458.0,1,0,1,0.0
964909.0,1,0,1,0.0
964547.0,1,0,1,0.0
964293.0,1,0,1,0.0
958122.0,1,0,1,0.0
963801.0,1,0,1,0.0
963238.0,1,0,1,0.0
962274.0,1,0,1,0.0
961638.0,1,0,1,0.0
960978.0,1,0,1,0.0
960878.0,1,0,1,0.0
960512.0,1,0,1,0.0
960200.0,1,0,1,0.0
960082.0,1,0,1,0.0
958994.0,1,0,1,0.0
958950.0,1,0,1,0.0
958754.0,1,0,1,0.0
867901.0,1,0,1,0.0
867756.0,1,0,1,0.0
867679.0,1,0,1,0.0
796269.0,1,0,1,0.0
785729.0,1,0,1,0.0
785456.0,1,0,1,0.0
785436.0,1,0,1,0.0
785285.0,1,0,1,0.0
784481.0,1,0,1,0.0
783171.0,1,0,1,0.0
781628.0,1,0,1,0.0
780606.0,1,0,1,0.0
780255.0,1,0,1,0.0
780045.0,1,0,1,0.0
779578.0,1,0,1,0.0
779241.0,2,0,1,0.0
779167.0,1,0,1,0.0
778576.0,1,0,1,0.0
777941.0,1,0,1,0.0
777390.0,1,0,1,0.0
777362.0,1,0,1,0.0
776713.0,1,0,1,0.0
776596.0,1,0,1,0.0
776270.0,1,0,1,0.0
776223.0,1,0,1,0.0
776004.0,1,0,1,0.0
775881.0,2,0,2,0.0
774865.0,1,0,1,0.0
774517.0,1,0,1,0.0
774426.0,1,0,1,0.0
772262.0,1,0,1,0.0
785914.0,1,0,1,0.0
785934.0,1,0,1,0.0
786054.0,1,0,1,0.0
791987.0,1,0,1,0.0
795223.0,1,0,1,0.0
795024.0,1,0,1,0.0
794999.0,1,0,1,0.0
794267.0,1,0,1,0.0
794216.0,1,0,1,0.0
794200.0,1,0,1,0.0
793538.0,1,0,1,0.0
792935.0,1,0,1,0.0
792924.0,1,0,1,0.0
792696.0,1,0,1,0.0
792643.0,1,0,1,0.0
792498.0,1,0,1,0.0
791912.0,1,0,1,0.0
786594.0,1,0,1,0.0
791806.0,1,0,1,0.0
791632.0,1,0,1,0.0
791624.0,1,0,1,0.0
791356.0,1,0,1,0.0
790889.0,1,0,1,0.0
790507.0,1,0,1,0.0
789725.0,1,0,1,0.0
789453.0,1,0,1,0.0
789075.0,1,0,1,0.0
788632.0,1,0,1,0.0
787513.0,1,0,1,0.0
787266.0,1,0,1,0.0
771950.0,1,0,1,0.0
771847.0,1,0,1,0.0
771513.0,1,0,1,0.0
750759.0,2,0,2,0.0
755238.0,1,0,1,0.0
754820.0,1,0,1,0.0
754723.0,1,0,1,0.0
753930.0,1,0,1,0.0
753452.0,2,0,2,0.0
753336.0,1,0,1,0.0
752882.0,1,0,1,0.0
752407.0,1,0,1,0.0
751782.0,1,0,1,0.0
751591.0,1,0,1,0.0
751393.0,1,0,1,0.0
751336.0,1,0,1,0.0
750558.0,2,0,2,0.0
512847.0,1,0,1,0.0
749020.0,1,0,1,0.0
748878.0,1,0,1,0.0
747405.0,1,0,1,0.0
746225.0,1,0,1,0.0
745712.0,1,0,1,0.0
745494.0,1,0,1,0.0
744825.0,1,0,1,0.0
744227.0,1,0,1,0.0
743254.0,2,0,1,0.0
743226.0,1,0,1,0.0
741803.0,1,0,1,0.0
740496.0,1,0,1,0.0
755374.0,1,0,1,0.0
757451.0,1,0,1,0.0
771371.0,1,0,1,0.0
764456.0,1,0,1,0.0
770772.0,1,0,1,0.0
770497.0,1,0,1,0.0
770230.0,1,0,1,0.0
769052.0,1,0,1,0.0
768569.0,1,0,1,0.0
768168.0,1,0,1,0.0
768034.0,1,0,1,0.0
767338.0,1,0,1,0.0
766921.0,1,0,1,0.0
764971.0,1,0,1,0.0
764744.0,1,0,1,0.0
764690.0,1,0,1,0.0
764133.0,1,0,1,0.0
757815.0,1,0,1,0.0
763344.0,1,0,1,0.0
762761.0,1,0,1,0.0
761092.0,1,0,1,0.0
760932.0,1,0,1,0.0
760553.0,2,0,1,0.0
760422.0,1,0,1,0.0
760415.0,1,0,1,0.0
759950.0,1,0,1,0.0
759878.0,1,0,1,0.0
759142.0,1,0,1,0.0
758742.0,1,0,1,0.0
758302.0,1,0,1,0.0
795797.0,1,0,1,0.0
796904.0,1,0,1,0.0
867567.0,1,0,1,0.0
796995.0,2,0,1,0.0
851101.0,1,0,1,0.0
850827.0,1,0,1,0.0
850761.0,1,0,1,0.0
850075.0,1,0,1,0.0
850050.0,1,0,1,0.0
849437.0,1,0,1,0.0
849149.0,1,0,1,0.0
848391.0,1,0,1,0.0
847480.0,1,0,1,0.0
845353.0,1,0,1,0.0
845311.0,1,0,1,0.0
844305.0,2,0,1,0.0
842363.0,1,0,1,0.0
841791.0,1,0,1,0.0
841662.0,1,0,1,0.0
840640.0,3,0,1,0.0
840287.0,1,0,1,0.0
839182.0,1,0,1,0.0
839171.0,1,0,1,0.0
839128.0,1,0,1,0.0
838620.0,1,0,1,0.0
837884.0,2,0,1,0.0
835827.0,1,0,1,0.0
835206.0,1,0,1,0.0
834859.0,1,0,1,0.0
834726.0,1,0,1,0.0
834389.0,1,0,1,0.0
851307.0,1,0,1,0.0
851328.0,1,0,1,0.0
852564.0,1,0,1,0.0
860571.0,1,0,1,0.0
867173.0,1,0,1,0.0
866953.0,1,0,1,0.0
866432.0,1,0,1,0.0
865504.0,1,0,1,0.0
864783.0,1,0,1,0.0
864210.0,1,0,1,0.0
864199.0,1,0,1,0.0
864040.0,1,0,1,0.0
863259.0,1,0,1,0.0
863219.0,1,0,1,0.0
862812.0,1,0,1,0.0
861887.0,1,0,1,0.0
860281.0,1,0,1,0.0
852794.0,1,0,1,0.0
860232.0,1,0,1,0.0
859876.0,1,0,1,0.0
857297.0,2,0,1,0.0
856642.0,2,0,1,0.0
856453.0,1,0,1,0.0
855277.0,1,0,1,0.0
854908.0,1,0,1,0.0
854415.0,1,0,1,0.0
853965.0,1,0,1,0.0
853911.0,1,0,1,0.0
853749.0,1,0,1,0.0
853557.0,1,0,1,0.0
834114.0,1,0,1,0.0
833745.0,1,0,1,0.0
832643.0,1,0,1,0.0
801011.0,1,0,1,0.0
808032.0,1,0,1,0.0
807149.0,1,0,1,0.0
806170.0,1,0,1,0.0
805913.0,1,0,1,0.0
805794.0,1,0,1,0.0
805460.0,1,0,1,0.0
804176.0,1,0,1,0.0
804022.0,1,0,1,0.0
803846.0,1,0,1,0.0
803821.0,1,0,1,0.0
803463.0,1,0,1,0.0
802447.0,1,0,1,0.0
800585.0,1,0,1,0.0
809971.0,1,0,1,0.0
799720.0,1,0,1,0.0
799521.0,1,0,1,0.0
799160.0,1,0,1,0.0
798973.0,1,0,1,0.0
798723.0,1,0,1,0.0
798687.0,1,0,1,0.0
798301.0,1,0,1,0.0
798242.0,1,0,1,0.0
798045.0,1,0,1,0.0
797472.0,1,0,1,0.0
797140.0,1,0,1,0.0
797054.0,1,0,1,0.0
808506.0,1,0,1,0.0
810633.0,1,0,1,0.0
830983.0,1,0,1,0.0
821124.0,1,0,1,0.0
830639.0,1,0,1,0.0
828648.0,1,0,1,0.0
826915.0,1,0,1,0.0
826602.0,1,0,1,0.0
823875.0,1,0,1,0.0
822779.0,1,0,1,0.0
822765.0,1,0,1,0.0
822152.0,1,0,1,0.0
821969.0,1,0,1,0.0
821794.0,1,0,1,0.0
821221.0,1,0,1,0.0
821182.0,1,0,1,0.0
820454.0,1,0,1,0.0
811052.0,1,0,1,0.0
819356.0,1,0,1,0.0
818443.0,3,0,1,0.0
818075.0,1,0,1,0.0
818064.0,1,0,1,0.0
816841.0,1,0,1,0.0
815783.0,1,0,1,0.0
815167.0,1,0,1,0.0
813144.0,1,0,1,0.0
813110.0,1,0,1,0.0
812888.0,1,0,1,0.0
812618.0,1,0,1,0.0
811968.0,1,0,1,0.0
512908.0,1,0,1,0.0
496206.0,1,0,1,0.0
512720.0,1,0,1,0.0
134708.0,1,0,1,0.0
173417.0,1,0,1,0.0
173402.0,1,0,1,0.0
171733.0,1,0,1,0.0
170978.0,1,0,1,0.0
170620.0,1,0,1,0.0
170171.0,1,0,1,0.0
169848.0,1,0,1,0.0
169566.0,1,0,1,0.0
169231.0,1,0,1,0.0
168670.0,1,0,1,0.0
168654.0,1,0,1,0.0
168612.0,1,0,1,0.0
167783.0,1,0,1,0.0
167508.0,2,0,2,0.0
167152.0,1,0,1,0.0
166530.0,1,0,1,0.0
166451.0,1,0,1,0.0
166286.0,1,0,1,0.0
165962.0,1,0,1,0.0
165768.0,2,0,1,0.0
165537.0,1,0,1,0.0
163561.0,1,0,1,0.0
163142.0,1,0,1,0.0
162128.0,1,0,1,0.0
161974.0,1,0,1,0.0
161818.0,1,0,1,0.0
160857.0,1,0,1,0.0
173431.0,1,0,1,0.0
173647.0,1,0,1,0.0
174253.0,1,0,1,0.0
183083.0,1,0,1,0.0
192776.0,1,0,1,0.0
192705.0,1,0,1,0.0
191241.0,1,0,1,0.0
191222.0,1,0,1,0.0
190910.0,1,0,1,0.0
187545.0,1,0,1,0.0
187446.0,1,0,1,0.0
186720.0,1,0,1,0.0
185785.0,1,0,1,0.0
184693.0,1,0,1,0.0
183954.0,1,0,1,0.0
183458.0,1,0,1,0.0
183019.0,1,0,1,0.0
174406.0,2,0,2,0.0
182400.0,1,0,1,0.0
182385.0,1,0,1,0.0
181823.0,1,0,1,0.0
181596.0,1,0,1,0.0
179571.0,1,0,1,0.0
179302.0,1,0,1,0.0
179194.0,1,0,1,0.0
178927.0,1,0,1,0.0
178881.0,1,0,1,0.0
178747.0,1,0,1,0.0
176952.0,1,0,1,0.0
175243.0,1,0,1,0.0
160489.0,1,0,1,0.0
160262.0,1,0,1,0.0
160184.0,1,0,1,0.0
142522.0,1,0,1,0.0
149223.0,1,0,1,0.0
148426.0,1,0,1,0.0
148273.0,1,0,1,0.0
146834.0,1,0,1,0.0
146022.0,1,0,1,0.0
145121.0,1,0,1,0.0
144832.0,1,0,1,0.0
144657.0,1,0,1,0.0
144209.0,1,0,1,0.0
143605.0,1,0,1,0.0
143436.0,1,0,1,0.0
142654.0,1,0,1,0.0
142420.0,1,0,1,0.0
149717.0,1,0,1,0.0
142304.0,1,0,1,0.0
142003.0,1,0,1,0.0
141870.0,1,0,1,0.0
140378.0,1,0,1,0.0
139504.0,1,0,1,0.0
139118.0,1,0,1,0.0
138890.0,1,0,1,0.0
138126.0,1,0,1,0.0
136724.0,1,0,1,0.0
136233.0,1,0,1,0.0
135148.0,1,0,1,0.0
135015.0,1,0,1,0.0
149333.0,1,0,1,0.0
150086.0,1,0,1,0.0
160149.0,1,0,1,0.0
156608.0,1,0,1,0.0
159935.0,1,0,1,0.0
159736.0,1,0,1,0.0
159488.0,1,0,1,0.0
158786.0,1,0,1,0.0
158372.0,1,0,1,0.0
158146.0,1,0,1,0.0
158120.0,1,0,1,0.0
157931.0,1,0,1,0.0
157031.0,1,0,1,0.0
156922.0,1,0,1,0.0
156825.0,1,0,1,0.0
156704.0,1,0,1,0.0
156100.0,1,0,1,0.0
150631.0,1,0,1,0.0
155813.0,1,0,1,0.0
154917.0,1,0,1,0.0
154866.0,1,0,1,0.0
154532.0,1,0,1,0.0
154151.0,1,0,1,0.0
153799.0,1,0,1,0.0
153337.0,1,0,1,0.0
152381.0,1,0,1,0.0
152156.0,1,0,1,0.0
151476.0,1,0,1,0.0
151324.0,1,0,1,0.0
151298.0,1,0,1,0.0
193055.0,1,0,1,0.0
193129.0,1,0,1,0.0
195319.0,1,0,1,0.0
236663.0,1,0,1,0.0
243686.0,1,0,1,0.0
241835.0,1,0,1,0.0
241302.0,1,0,1,0.0
241163.0,1,0,1,0.0
239841.0,1,0,1,0.0
239423.0,1,0,1,0.0
238607.0,1,0,1,0.0
238516.0,1,0,1,0.0
238364.0,1,0,1,0.0
237038.0,1,0,1,0.0
236825.0,1,0,1,0.0
236739.0,1,0,1,0.0
236655.0,1,0,1,0.0
245189.0,1,0,1,0.0
235864.0,1,0,1,0.0
234914.0,1,0,1,0.0
233769.0,1,0,1,0.0
233560.0,1,0,1,0.0
232070.0,1,0,1,0.0
231764.0,1,0,1,0.0
231663.0,1,0,1,0.0
231490.0,1,0,1,0.0
231308.0,1,0,1,0.0
230059.0,1,0,1,0.0
229829.0,1,0,1,0.0
229018.0,1,0,1,0.0
244125.0,1,0,1,0.0
245842.0,1,0,1,0.0
227794.0,1,0,1,0.0
251591.0,1,0,1,0.0
261400.0,1,0,1,0.0
260437.0,1,0,1,0.0
259828.0,1,0,1,0.0
259344.0,2,0,1,0.0
258799.0,1,0,1,0.0
258354.0,1,0,1,0.0
257944.0,1,0,1,0.0
257568.0,1,0,1,0.0
257062.0,1,0,1,0.0
255778.0,1,0,1,0.0
254672.0,1,0,1,0.0
252885.0,1,0,1,0.0
251576.0,1,0,1,0.0
246277.0,1,0,1,0.0
251490.0,1,0,1,0.0
251486.0,1,0,1,0.0
250278.0,1,0,1,0.0
250039.0,1,0,1,0.0
249786.0,1,0,1,0.0
248539.0,1,0,1,0.0
248408.0,1,0,1,0.0
248104.0,1,0,1,0.0
247489.0,1,0,1,0.0
247239.0,1,0,1,0.0
246384.0,1,0,1,0.0
246371.0,1,0,1,0.0
227934.0,1,0,1,0.0
227506.0,1,0,1,0.0
197461.0,1,0,1,0.0
206048.0,1,0,1,0.0
211968.0,1,0,1,0.0
211776.0,1,0,1,0.0
211680.0,1,0,1,0.0
209775.0,1,0,1,0.0
209396.0,1,0,1,0.0
208768.0,2,0,2,0.0
208613.0,1,0,1,0.0
208138.0,1,0,1,0.0
207363.0,1,0,1,0.0
206854.0,1,0,1,0.0
206749.0,1,0,1,0.0
206180.0,1,0,1,0.0
205691.0,1,0,1,0.0
212330.0,1,0,1,0.0
204995.0,1,0,1,0.0
203505.0,1,0,1,0.0
203134.0,5,0,5,0.0
202551.0,1,0,1,0.0
202370.0,1,0,1,0.0
202335.0,1,0,1,0.0
200830.0,1,0,1,0.0
200178.0,1,0,1,0.0
199663.0,3,0,1,0.0
199024.0,1,0,1,0.0
198846.0,1,0,1,0.0
197702.0,1,0,1,0.0
212157.0,1,0,1,0.0
212549.0,1,0,1,0.0
225909.0,1,0,1,0.0
220783.0,1,0,1,0.0
225314.0,1,0,1,0.0
224538.0,1,0,1,0.0
224158.0,1,0,1,0.0
224141.0,1,0,1,0.0
223753.0,1,0,1,0.0
223648.0,1,0,1,0.0
223048.0,1,0,1,0.0
222976.0,1,0,1,0.0
221895.0,1,0,1,0.0
221834.0,1,0,1,0.0
221562.0,1,0,1,0.0
221406.0,1,0,1,0.0
220286.0,1,0,1,0.0
213110.0,1,0,1,0.0
219818.0,1,0,1,0.0
219813.0,1,0,1,0.0
219254.0,1,0,1,0.0
219173.0,1,0,1,0.0
218522.0,1,0,1,0.0
217407.0,2,0,2,0.0
217396.0,1,0,1,0.0
216815.0,1,0,1,0.0
216660.0,1,0,1,0.0
214167.0,1,0,1,0.0
214156.0,1,0,1,0.0
213736.0,1,0,1,0.0
135010.0,1,0,1,0.0
134032.0,1,0,1,0.0
511975.0,1,0,1,0.0
133935.0,1,0,1,0.0
52297.0,1,0,1,0.0
50625.0,1,0,1,0.0
49741.0,1,0,1,0.0
49561.0,1,0,1,0.0
49149.0,1,0,1,0.0
49050.0,1,0,1,0.0
48458.0,1,0,1,0.0
47876.0,1,0,1,0.0
47609.0,1,0,1,0.0
46739.0,1,0,1,0.0
45961.0,1,0,1,0.0
45374.0,1,0,1,0.0
45157.0,1,0,1,0.0
44009.0,1,0,1,0.0
43762.0,1,0,1,0.0
42612.0,1,0,1,0.0
40494.0,1,0,1,0.0
40479.0,1,0,1,0.0
40212.0,1,0,1,0.0
39852.0,1,0,1,0.0
38989.0,1,0,1,0.0
38586.0,1,0,1,0.0
38192.0,1,0,1,0.0
38070.0,1,0,1,0.0
37828.0,1,0,1,0.0
36441.0,1,0,1,0.0
35915.0,1,0,1,0.0
52389.0,3,0,2,0.0
52417.0,1,0,1,0.0
52456.0,1,0,1,0.0
63410.0,1,0,1,0.0
67511.0,1,0,1,0.0
67253.0,1,0,1,0.0
67001.0,1,0,1,0.0
66975.0,1,0,1,0.0
66731.0,1,0,1,0.0
65482.0,1,0,1,0.0
64764.0,1,0,1,0.0
64701.0,1,0,1,0.0
64410.0,1,0,1,0.0
64240.0,1,0,1,0.0
63802.0,1,0,1,0.0
63488.0,1,0,1,0.0
62903.0,1,0,1,0.0
52660.0,1,0,1,0.0
62805.0,1,0,1,0.0
62316.0,1,0,1,0.0
62045.0,1,0,1,0.0
61860.0,1,0,1,0.0
61137.0,1,0,1,0.0
58954.0,1,0,1,0.0
56722.0,1,0,1,0.0
55956.0,1,0,1,0.0
55458.0,1,0,1,0.0
54884.0,1,0,1,0.0
54799.0,1,0,1,0.0
54552.0,1,0,1,0.0
35746.0,1,0,1,0.0
34672.0,2,0,2,0.0
34179.0,1,0,1,0.0
10630.0,1,0,1,0.0
17474.0,1,0,1,0.0
17469.0,1,0,1,0.0
17248.0,1,0,1,0.0
15182.0,1,0,1,0.0
14550.0,1,0,1,0.0
13928.0,1,0,1,0.0
13699.0,1,0,1,0.0
13549.0,1,0,1,0.0
11853.0,1,0,1,0.0
11438.0,1,0,1,0.0
10906.0,1,0,1,0.0
10689.0,1,0,1,0.0
9786.0,1,0,1,0.0
18698.0,1,0,1,0.0
9736.0,1,0,1,0.0
8847.0,1,0,1,0.0
7855.0,1,0,1,0.0
6365.0,1,0,1,0.0
5542.0,1,0,1,0.0
4866.0,1,0,1,0.0
4571.0,2,0,2,0.0
4076.0,1,0,1,0.0
3290.0,1,0,1,0.0
3044.0,1,0,1,0.0
2630.0,1,0,1,0.0
2359.0,1,0,1,0.0
18638.0,1,0,1,0.0
19478.0,1,0,1,0.0
33960.0,1,0,1,0.0
25981.0,1,0,1,0.0
33573.0,1,0,1,0.0
33168.0,1,0,1,0.0
32703.0,1,0,1,0.0
32421.0,1,0,1,0.0
32303.0,1,0,1,0.0
32067.0,1,0,1,0.0
29134.0,1,0,1,0.0
27884.0,1,0,1,0.0
27250.0,3,0,1,0.0
26755.0,1,0,1,0.0
26689.0,1,0,1,0.0
26177.0,1,0,1,0.0
25937.0,1,0,1,0.0
19614.0,1,0,1,0.0
25197.0,1,0,1,0.0
24718.0,1,0,1,0.0
24654.0,1,0,1,0.0
23010.0,1,0,1,0.0
22672.0,1,0,1,0.0
22394.0,1,0,1,0.0
22159.0,1,0,1,0.0
22112.0,1,0,1,0.0
21728.0,1,0,1,0.0
21192.0,1,0,1,0.0
20574.0,1,0,1,0.0
20419.0,1,0,1,0.0
68677.0,2,0,1,0.0
69852.0,1,0,1,0.0
70823.0,1,0,1,0.0
109603.0,1,0,1,0.0
115983.0,1,0,1,0.0
115859.0,1,0,1,0.0
115836.0,1,0,1,0.0
115003.0,5,0,5,0.0
113770.0,1,0,1,0.0
113689.0,1,0,1,0.0
113429.0,1,0,1,0.0
112649.0,1,0,1,0.0
112383.0,1,0,1,0.0
112311.0,1,0,1,0.0
110538.0,1,0,1,0.0
110079.0,1,0,1,0.0
107579.0,1,0,1,0.0
117012.0,1,0,1,0.0
107301.0,1,0,1,0.0
106815.0,1,0,1,0.0
106027.0,1,0,1,0.0
105940.0,1,0,1,0.0
105091.0,1,0,1,0.0
104616.0,1,0,1,0.0
104612.0,1,0,1,0.0
104598.0,1,0,1,0.0
104363.0,1,0,1,0.0
103121.0,1,0,1,0.0
102528.0,1,0,1,0.0
102005.0,1,0,1,0.0
116984.0,1,0,1,0.0
117371.0,1,0,1,0.0
101449.0,1,0,1,0.0
125173.0,1,0,1,0.0
133521.0,1,0,1,0.0
133496.0,1,0,1,0.0
132919.0,1,0,1,0.0
132118.0,1,0,1,0.0
130930.0,1,0,1,0.0
130700.0,2,0,1,0.0
130330.0,1,0,1,0.0
127442.0,1,0,1,0.0
127393.0,1,0,1,0.0
126934.0,1,0,1,0.0
126381.0,4,0,1,0.0
125525.0,1,0,1,0.0
125128.0,1,0,1,0.0
117728.0,1,0,1,0.0
123867.0,1,0,1,0.0
123645.0,1,0,1,0.0
123449.0,1,0,1,0.0
123094.0,1,0,1,0.0
122793.0,1,0,1,0.0
122718.0,1,0,1,0.0
120914.0,1,0,1,0.0
120323.0,1,0,1,0.0
119274.0,1,0,1,0.0
119101.0,1,0,1,0.0
118868.0,1,0,1,0.0
118583.0,1,0,1,0.0
101818.0,1,0,1,0.0
100951.0,1,0,1,0.0
71255.0,1,0,1,0.0
79235.0,1,0,1,0.0
86420.0,1,0,1,0.0
84761.0,1,0,1,0.0
84532.0,1,0,1,0.0
84513.0,1,0,1,0.0
84112.0,1,0,1,0.0
83958.0,1,0,1,0.0
83688.0,1,0,1,0.0
83641.0,3,0,1,0.0
83537.0,1,0,1,0.0
82526.0,1,0,1,0.0
81722.0,3,0,1,0.0
80732.0,1,0,1,0.0
79039.0,1,0,1,0.0
88440.0,1,0,1,0.0
78425.0,1,0,1,0.0
77958.0,1,0,1,0.0
77746.0,1,0,1,0.0
75795.0,1,0,1,0.0
75588.0,1,0,1,0.0
74464.0,1,0,1,0.0
74347.0,1,0,1,0.0
74119.0,1,0,1,0.0
74047.0,1,0,1,0.0
72909.0,1,0,1,0.0
72138.0,1,0,1,0.0
71592.0,1,0,1,0.0
87691.0,1,0,1,0.0
88606.0,1,0,1,0.0
100927.0,1,0,1,0.0
97512.0,1,0,1,0.0
100144.0,1,0,1,0.0
100035.0,1,0,1,0.0
100033.0,1,0,1,0.0
99805.0,1,0,1,0.0
99690.0,1,0,1,0.0
99545.0,1,0,1,0.0
99526.0,1,0,1,0.0
99435.0,1,0,1,0.0
98591.0,1,0,1,0.0
98501.0,1,0,1,0.0
98335.0,1,0,1,0.0
97761.0,1,0,1,0.0
97259.0,1,0,1,0.0
89631.0,1,0,1,0.0
96875.0,1,0,1,0.0
96855.0,1,0,1,0.0
96369.0,1,0,1,0.0
96259.0,1,0,1,0.0
94710.0,1,0,1,0.0
93937.0,1,0,1,0.0
93683.0,1,0,1,0.0
93650.0,1,0,1,0.0
93167.0,1,0,1,0.0
92521.0,1,0,1,0.0
92232.0,1,0,1,0.0
90403.0,1,0,1,0.0
261953.0,1,0,1,0.0
262140.0,1,0,1,0.0
262968.0,1,0,1,0.0
263077.0,1,0,1,0.0
432518.0,1,0,1,0.0
432356.0,1,0,1,0.0
432107.0,1,0,1,0.0
431852.0,1,0,1,0.0
430884.0,1,0,1,0.0
430429.0,1,0,1,0.0
428096.0,1,0,1,0.0
428068.0,1,0,1,0.0
427527.0,1,0,1,0.0
426482.0,1,0,1,0.0
426301.0,1,0,1,0.0
426184.0,1,0,1,0.0
424321.0,1,0,1,0.0
424023.0,1,0,1,0.0
423991.0,1,0,1,0.0
423908.0,1,0,1,0.0
423842.0,1,0,1,0.0
423309.0,1,0,1,0.0
422923.0,1,0,1,0.0
422057.0,2,0,1,0.0
420923.0,1,0,1,0.0
420879.0,1,0,1,0.0
420875.0,1,0,1,0.0
418043.0,1,0,1,0.0
417897.0,1,0,1,0.0
417650.0,1,0,1,0.0
417645.0,2,0,2,0.0
432655.0,1,0,1,0.0
433040.0,1,0,1,0.0
433139.0,1,0,1,0.0
440976.0,1,0,1,0.0
448948.0,1,0,1,0.0
448268.0,1,0,1,0.0
448080.0,1,0,1,0.0
445805.0,1,0,1,0.0
444690.0,1,0,1,0.0
444276.0,1,0,1,0.0
444141.0,1,0,1,0.0
443051.0,1,0,1,0.0
442641.0,1,0,1,0.0
442411.0,1,0,1,0.0
442211.0,1,0,1,0.0
441983.0,1,0,1,0.0
440923.0,1,0,1,0.0
433482.0,1,0,1,0.0
439821.0,1,0,1,0.0
438988.0,1,0,1,0.0
438736.0,1,0,1,0.0
438329.0,1,0,1,0.0
438285.0,1,0,1,0.0
437776.0,1,0,1,0.0
436881.0,1,0,1,0.0
435978.0,1,0,1,0.0
435821.0,1,0,1,0.0
435317.0,1,0,1,0.0
434777.0,1,0,1,0.0
434119.0,1,0,1,0.0
417598.0,1,0,1,0.0
416995.0,1,0,1,0.0
416538.0,1,0,1,0.0
393761.0,1,0,1,0.0
399834.0,1,0,1,0.0
399188.0,1,0,1,0.0
399120.0,1,0,1,0.0
399073.0,1,0,1,0.0
398625.0,1,0,1,0.0
398231.0,1,0,1,0.0
397162.0,1,0,1,0.0
396789.0,1,0,1,0.0
396651.0,1,0,1,0.0
395837.0,1,0,1,0.0
394342.0,1,0,1,0.0
393762.0,1,0,1,0.0
393381.0,1,0,1,0.0
401436.0,1,0,1,0.0
393031.0,1,0,1,0.0
392972.0,1,0,1,0.0
392747.0,1,0,1,0.0
391803.0,1,0,1,0.0
390462.0,1,0,1,0.0
389308.0,1,0,1,0.0
388924.0,1,0,1,0.0
388856.0,1,0,1,0.0
388198.0,1,0,1,0.0
387598.0,1,0,1,0.0
385721.0,1,0,1,0.0
384820.0,1,0,1,0.0
400593.0,1,0,1,0.0
401558.0,1,0,1,0.0
416104.0,1,0,1,0.0
409413.0,1,0,1,0.0
415766.0,1,0,1,0.0
414689.0,1,0,1,0.0
414193.0,1,0,1,0.0
413988.0,1,0,1,0.0
413565.0,1,0,1,0.0
413497.0,1,0,1,0.0
412966.0,1,0,1,0.0
412833.0,1,0,1,0.0
412103.0,1,0,1,0.0
411303.0,1,0,1,0.0
409736.0,1,0,1,0.0
409696.0,1,0,1,0.0
408906.0,1,0,1,0.0
401706.0,1,0,1,0.0
408663.0,1,0,1,0.0
408559.0,1,0,1,0.0
407882.0,1,0,1,0.0
406509.0,1,0,1,0.0
405699.0,1,0,1,0.0
405618.0,1,0,1,0.0
404633.0,1,0,1,0.0
404608.0,1,0,1,0.0
402744.0,1,0,1,0.0
402547.0,2,0,2,0.0
402204.0,1,0,1,0.0
401998.0,1,0,1,0.0
449907.0,1,0,1,0.0
450126.0,1,0,1,0.0
450287.0,1,0,1,0.0
488019.0,1,0,1,0.0
494807.0,1,0,1,0.0
494468.0,1,0,1,0.0
493414.0,1,0,1,0.0
493290.0,1,0,1,0.0
493084.0,1,0,1,0.0
492772.0,1,0,1,0.0
492346.0,1,0,1,0.0
491648.0,1,0,1,0.0
491594.0,1,0,1,0.0
490155.0,1,0,1,0.0
489387.0,1,0,1,0.0
488433.0,2,0,2,0.0
487717.0,1,0,1,0.0
4.0,1,0,1,0.0
487691.0,2,0,1,0.0
487224.0,1,0,1,0.0
486783.0,1,0,1,0.0
486041.0,1,0,1,0.0
486013.0,1,0,1,0.0
485369.0,1,0,1,0.0
484644.0,1,0,1,0.0
484286.0,2,0,1,0.0
483855.0,1,0,1,0.0
482635.0,1,0,1,0.0
482446.0,1,0,1,0.0
481221.0,1,0,1,0.0
495443.0,1,0,1,0.0
496685.0,1,0,1,0.0
480449.0,1,0,1,0.0
505505.0,1,0,1,0.0
511329.0,2,0,2,0.0
510630.0,1,0,1,0.0
509733.0,1,0,1,0.0
509678.0,1,0,1,0.0
509176.0,2,0,2,0.0
509015.0,1,0,1,0.0
508910.0,1,0,1,0.0
508778.0,1,0,1,0.0
507529.0,1,0,1,0.0
507162.0,1,0,1,0.0
506572.0,1,0,1,0.0
506185.0,1,0,1,0.0
505061.0,1,0,1,0.0
498185.0,1,0,1,0.0
504886.0,1,0,1,0.0
504467.0,1,0,1,0.0
504397.0,1,0,1,0.0
504303.0,1,0,1,0.0
504297.0,1,0,1,0.0
503882.0,1,0,1,0.0
503714.0,2,0,1,0.0
501802.0,1,0,1,0.0
500772.0,1,0,1,0.0
499914.0,1,0,1,0.0
499768.0,1,0,1,0.0
498650.0,1,0,1,0.0
480497.0,1,0,1,0.0
480243.0,1,0,1,0.0
450574.0,1,0,1,0.0
458428.0,1,0,1,0.0
463691.0,1,0,1,0.0
463439.0,2,0,1,0.0
463392.0,1,0,1,0.0
462061.0,2,0,1,0.0
461990.0,1,0,1,0.0
461976.0,1,0,1,0.0
461426.0,1,0,1,0.0
460741.0,1,0,1,0.0
460364.0,2,0,2,0.0
460130.0,1,0,1,0.0
459919.0,1,0,1,0.0
459472.0,1,0,1,0.0
457921.0,1,0,1,0.0
465126.0,1,0,1,0.0
457579.0,1,0,1,0.0
457155.0,1,0,1,0.0
457078.0,1,0,1,0.0
457075.0,1,0,1,0.0
456901.0,1,0,1,0.0
456724.0,1,0,1,0.0
456676.0,1,0,1,0.0
456630.0,1,0,1,0.0
456605.0,1,0,1,0.0
454663.0,1,0,1,0.0
452476.0,2,0,1,0.0
451493.0,1,0,1,0.0
464210.0,1,0,1,0.0
466065.0,1,0,1,0.0
480103.0,1,0,1,0.0
472700.0,1,0,1,0.0
479219.0,1,0,1,0.0
479057.0,1,0,1,0.0
478307.0,1,0,1,0.0
476310.0,1,0,1,0.0
475760.0,1,0,1,0.0
475616.0,1,0,1,0.0
475317.0,1,0,1,0.0
474932.0,1,0,1,0.0
474670.0,1,0,1,0.0
474101.0,1,0,1,0.0
473547.0,1,0,1,0.0
473115.0,1,0,1,0.0
472282.0,1,0,1,0.0
467858.0,1,0,1,0.0
471801.0,1,0,1,0.0
471506.0,2,0,2,0.0
471486.0,1,0,1,0.0
471479.0,1,0,1,0.0
471171.0,1,0,1,0.0
470971.0,1,0,1,0.0
470232.0,1,0,1,0.0
469761.0,1,0,1,0.0
469562.0,1,0,1,0.0
468395.0,1,0,1,0.0
467977.0,1,0,1,0.0
467969.0,1,0,1,0.0
384248.0,1,0,1,0.0
383797.0,1,0,1,0.0
382865.0,1,0,1,0.0
295127.0,1,0,1,0.0
299859.0,1,0,1,0.0
299292.0,1,0,1,0.0
298907.0,1,0,1,0.0
298605.0,1,0,1,0.0
298455.0,1,0,1,0.0
298061.0,1,0,1,0.0
297989.0,1,0,1,0.0
297780.0,1,0,1,0.0
297512.0,1,0,1,0.0
296289.0,1,0,1,0.0
295315.0,1,0,1,0.0
295304.0,1,0,1,0.0
294954.0,1,0,1,0.0
301364.0,1,0,1,0.0
294843.0,1,0,1,0.0
294667.0,1,0,1,0.0
294593.0,1,0,1,0.0
294398.0,1,0,1,0.0
293893.0,1,0,1,0.0
292906.0,1,0,1,0.0
292318.0,1,0,1,0.0
292294.0,1,0,1,0.0
292015.0,1,0,1,0.0
291631.0,1,0,1,0.0
290539.0,2,0,2,0.0
289445.0,1,0,1,0.0
300719.0,1,0,1,0.0
302098.0,1,0,1,0.0
289109.0,1,0,1,0.0
309858.0,1,0,1,0.0
316080.0,1,0,1,0.0
315880.0,1,0,1,0.0
315572.0,1,0,1,0.0
315433.0,1,0,1,0.0
313480.0,1,0,1,0.0
312720.0,1,0,1,0.0
312694.0,1,0,1,0.0
311487.0,1,0,1,0.0
311199.0,1,0,1,0.0
310277.0,2,0,1,0.0
310013.0,1,0,1,0.0
309902.0,1,0,1,0.0
309718.0,1,0,1,0.0
303107.0,1,0,1,0.0
309095.0,2,0,1,0.0
308573.0,1,0,1,0.0
306150.0,1,0,1,0.0
305962.0,1,0,1,0.0
305355.0,1,0,1,0.0
305347.0,2,0,1,0.0
305194.0,1,0,1,0.0
305191.0,1,0,1,0.0
305183.0,1,0,1,0.0
305029.0,1,0,1,0.0
305010.0,1,0,1,0.0
304885.0,1,0,1,0.0
289358.0,1,0,1,0.0
288821.0,1,0,1,0.0
316462.0,2,0,2,0.0
269950.0,1,0,1,0.0
276036.0,1,0,1,0.0
275835.0,1,0,1,0.0
274719.0,1,0,1,0.0
274548.0,1,0,1,0.0
274222.0,1,0,1,0.0
273314.0,1,0,1,0.0
273158.0,1,0,1,0.0
272857.0,1,0,1,0.0
272420.0,1,0,1,0.0
272130.0,1,0,1,0.0
270928.0,1,0,1,0.0
270279.0,1,0,1,0.0
268325.0,1,0,1,0.0
276324.0,1,0,1,0.0
268207.0,1,0,1,0.0
268193.0,1,0,1,0.0
267899.0,1,0,1,0.0
267551.0,1,0,1,0.0
266715.0,2,0,1,0.0
266416.0,1,0,1,0.0
266367.0,1,0,1,0.0
266019.0,1,0,1,0.0
265859.0,1,0,1,0.0
265647.0,1,0,1,0.0
265549.0,1,0,1,0.0
264739.0,1,0,1,0.0
276297.0,1,0,1,0.0
276367.0,1,0,1,0.0
288776.0,1,0,1,0.0
284048.0,1,0,1,0.0
288748.0,1,0,1,0.0
288196.0,1,0,1,0.0
287733.0,1,0,1,0.0
287513.0,1,0,1,0.0
287461.0,1,0,1,0.0
287453.0,1,0,1,0.0
286704.0,1,0,1,0.0
286168.0,1,0,1,0.0
285980.0,1,0,1,0.0
285515.0,1,0,1,0.0
285475.0,1,0,1,0.0
284453.0,1,0,1,0.0
284043.0,1,0,1,0.0
276571.0,1,0,1,0.0
282594.0,1,0,1,0.0
281737.0,1,0,1,0.0
281538.0,1,0,1,0.0
281227.0,1,0,1,0.0
279984.0,1,0,1,0.0
279681.0,1,0,1,0.0
279149.0,1,0,1,0.0
278874.0,1,0,1,0.0
278637.0,1,0,1,0.0
278185.0,1,0,1,0.0
277486.0,1,0,1,0.0
276717.0,1,0,1,0.0
316274.0,1,0,1,0.0
316514.0,1,0,1,0.0
382431.0,1,0,1,0.0
359440.0,1,0,1,0.0
366706.0,1,0,1,0.0
366469.0,1,0,1,0.0
365945.0,1,0,1,0.0
364150.0,4,0,1,0.0
363513.0,1,0,1,0.0
362672.0,1,0,1,0.0
362592.0,1,0,1,0.0
361838.0,1,0,1,0.0
361665.0,2,0,1,0.0
361583.0,1,0,1,0.0
361231.0,1,0,1,0.0
359589.0,1,0,1,0.0
359269.0,1,0,1,0.0
367383.0,1,0,1,0.0
358681.0,1,0,1,0.0
357746.0,1,0,1,0.0
357411.0,1,0,1,0.0
357259.0,1,0,1,0.0
356687.0,1,0,1,0.0
356611.0,1,0,1,0.0
356201.0,1,0,1,0.0
356108.0,1,0,1,0.0
354701.0,1,0,1,0.0
354221.0,1,0,1,0.0
353666.0,1,0,1,0.0
353603.0,1,0,1,0.0
366734.0,1,0,1,0.0
367575.0,1,0,1,0.0
351253.0,1,0,1,0.0
376870.0,1,0,1,0.0
382336.0,1,0,1,0.0
382119.0,1,0,1,0.0
381052.0,1,0,1,0.0
380324.0,1,0,1,0.0
380178.0,1,0,1,0.0
379868.0,2,0,2,0.0
379459.0,1,0,1,0.0
378967.0,1,0,1,0.0
378353.0,1,0,1,0.0
378179.0,1,0,1,0.0
377456.0,1,0,1,0.0
377101.0,1,0,1,0.0
376531.0,1,0,1,0.0
367840.0,1,0,1,0.0
376287.0,2,0,1,0.0
374800.0,1,0,1,0.0
373850.0,1,0,1,0.0
373064.0,1,0,1,0.0
372281.0,1,0,1,0.0
371173.0,1,0,1,0.0
371111.0,1,0,1,0.0
370998.0,1,0,1,0.0
370980.0,1,0,1,0.0
368556.0,1,0,1,0.0
368226.0,1,0,1,0.0
367874.0,2,0,2,0.0
352134.0,1,0,1,0.0
351158.0,1,0,1,0.0
316527.0,1,0,1,0.0
324899.0,1,0,1,0.0
333864.0,1,0,1,0.0
332900.0,2,0,2,0.0
332301.0,1,0,1,0.0
330687.0,1,0,1,0.0
330338.0,1,0,1,0.0
330058.0,1,0,1,0.0
329905.0,1,0,1,0.0
328873.0,1,0,1,0.0
328075.0,1,0,1,0.0
327841.0,1,0,1,0.0
327484.0,1,0,1,0.0
325030.0,1,0,1,0.0
323591.0,1,0,1,0.0
334632.0,1,0,1,0.0
322749.0,1,0,1,0.0
322708.0,1,0,1,0.0
322576.0,1,0,1,0.0
322220.0,1,0,1,0.0
321851.0,1,0,1,0.0
321795.0,2,0,1,0.0
321529.0,1,0,1,0.0
320310.0,1,0,1,0.0
320076.0,1,0,1,0.0
317848.0,1,0,1,0.0
317648.0,1,0,1,0.0
316601.0,1,0,1,0.0
333939.0,1,0,1,0.0
335107.0,1,0,1,0.0
350635.0,1,0,1,0.0
346702.0,1,0,1,0.0
350604.0,1,0,1,0.0
349022.0,1,0,1,0.0
348886.0,1,0,1,0.0
348696.0,1,0,1,0.0
348396.0,2,0,2,0.0
348381.0,1,0,1,0.0
348176.0,1,0,1,0.0
348139.0,1,0,1,0.0
347529.0,1,0,1,0.0
347432.0,1,0,1,0.0
347138.0,2,0,1,0.0
346958.0,1,0,1,0.0
345480.0,1,0,1,0.0
335390.0,1,0,1,0.0
344991.0,1,0,1,0.0
343527.0,1,0,1,0.0
343138.0,2,0,2,0.0
342248.0,1,0,1,0.0
339410.0,1,0,1,0.0
339377.0,1,0,1,0.0
338291.0,1,0,1,0.0
338221.0,1,0,1,0.0
337977.0,1,0,1,0.0
336701.0,1,0,1,0.0
336076.0,1,0,1,0.0
336004.0,1,0,1,0.0
999843.0,1,0,1,0.0
